NATIVE_DROP_USD,SENDER_WALLETS,MUTUAL_ADDRESSES
0.04107787264,"0x67e0facc4a8fff4052f22e7245f4f75200bc2c48,0xafbda466df8f0b2cce0fa709b830e211903506ab","['0x67e0facc4a8fff4052f22e7245f4f75200bc2c48', '0xafbda466df8f0b2cce0fa709b830e211903506ab']"
0.04215245528,"0xc4c593596275c5f81fdf928c83411b84a449feb9,0x3ab6515c924abe6650ad2291aba11d51e16c187d","['0xc4c593596275c5f81fdf928c83411b84a449feb9', '0x3ab6515c924abe6650ad2291aba11d51e16c187d']"
0.2232104748,"0xb5259bbce7fa350d9fbbe90d29c12437fd8000f6,0x6ef89469f9d4edf2ac7343ad93d1cf7437aee5bd","['0xb5259bbce7fa350d9fbbe90d29c12437fd8000f6', '0x6ef89469f9d4edf2ac7343ad93d1cf7437aee5bd']"
0.2261373144,"0x8e77845e59b079dd4e11987f0cd12f991853ad85,0xa75f440f9a5befafd8ddd626f9808653ebd6c75e","['0x8e77845e59b079dd4e11987f0cd12f991853ad85', '0xa75f440f9a5befafd8ddd626f9808653ebd6c75e']"
